2048,Herat,Herat,Afghanistan,HEA,OAHR,34.210017,62.2283,3206,4.5,U,Asia/Kabul
2049,Jalalabad,Jalalabad,Afghanistan,JAA,OAJL,34.399842,70.498625,1814,4.5,U,Asia/Kabul
2050,Kabul Intl,Kabul,Afghanistan,KBL,OAKB,34.565853,69.212328,5877,4.5,U,Asia/Kabul
2051,Kandahar,Kandahar,Afghanistan,KDH,OAKN,31.505756,65.847822,3337,4.5,U,Asia/Kabul
2052,Maimana,Maimama,Afghanistan,MMZ,OAMN,35.930789,64.760917,2743,4.5,U,Asia/Kabul
2053,Mazar I Sharif,Mazar-i-sharif,Afghanistan,MZR,OAMS,36.706914,67.209678,1284,4.5,U,Asia/Kabul
2056,Konduz,Kunduz,Afghanistan,UND,OAUZ,36.665111,68.910833,1457,4.5,U,Asia/Kabul
5922,Faizabad Airport,Faizabad,Afghanistan,FBD,OAFZ,37.1211,70.5181,3872,4.5,U,Asia/Kabul
7036,Bagram AFB,Kabul,Afghanistan,BPM,OAIX,34.5646,69.1554,4895,4.5,U,Asia/Kabul
7499,Tarin Kowt Airport,Tarin Kowt,Afghanistan,TII,OATN,32.605278,65.864167,3500,4.5,U,Asia/Kabul
7500,Zaranj Airport,Zaranj,Afghanistan,ZAJ,OAZJ,30.969167,61.866944,1581,4.5,U,Asia/Kabul
7501,Chaghcharan Airport,Chaghcharan,Afghanistan,CCN,OACC,34.526667,65.271667,7383,4.5,U,Asia/Kabul
8127,FOB Salerno,Khost,Afghanistan,KHT,OAKS,33.3334,69.952,3756,4.5,N,Asia/Kabul
8146,Sharona,Sharona,Afghanistan,AZ3,OASA,33.1277215,68.8369847,7400,4.5,N,Asia/Kabul
8773,Bost Airport,Lashkar Gah,Afghanistan,BST,OABT,31.558889,64.364167,2464,4.5,U,Asia/Kabul
8825,Bamyan Airport,Bamyan,Afghanistan,BIN,OABN,34.816667,67.816667,2550,4.5,N,Asia/Kabul
1190,Tirana Rinas,Tirana,Albania,TIA,LATI,41.414742,19.720561,126,1,E,Europe/Tirane
209,Soummam,Bejaja,Algeria,BJA,DAAE,36.711997,5.069922,20,1,N,Africa/Algiers
210,Houari Boumediene,Algier,Algeria,ALG,DAAG,36.691014,3.215408,82,1,N,Africa/Algiers
211,Tiska,Djanet,Algeria,DJG,DAAJ,24.292767,9.452444,3176,1,N,Africa/Algiers
212,Boufarik,Boufarik,Algeria,QFD,DAAK,36.545834,2.876111,335,1,N,Africa/Algiers
214,Illizi Takhamalt,Illizi,Algeria,VVZ,DAAP,26.723536,8.622653,1778,1,N,Africa/Algiers
216,Tamanrasset,Tamanrasset,Algeria,TMR,DAAT,22.811461,5.451075,4518,1,N,Africa/Algiers
217,Jijel,Jijel,Algeria,GJL,DAAV,36.795136,5.873608,36,1,N,Africa/Algiers
220,Annaba,Annaba,Algeria,AAE,DABB,36.822225,7.809167,16,1,N,Africa/Algiers
221,Mohamed Boudiaf Intl,Constantine,Algeria,CZL,DABC,36.276028,6.620386,2265,1,N,Africa/Algiers
222,Cheikh Larbi Tebessi,Tebessa,Algeria,TEE,DABS,35.431611,8.120717,2661,1,N,Africa/Algiers
224,Hassi R Mel,Tilrempt,Algeria,HRM,DAFH,32.930431,3.311542,2540,1,N,Africa/Algiers
225,Bou Chekif,Tiaret,Algeria,TID,DAOB,35.341136,1.463147,3245,1,N,Africa/Algiers
227,Tindouf,Tindouf,Algeria,TIN,DAOF,27.700372,-8.167103,1453,1,N,Africa/Algiers
228,Ech Cheliff,Ech-cheliff,Algeria,QAS,DAOI,36.212658,1.331775,463,1,N,Africa/Algiers
229,Tafaraoui,Oran,Algeria,TAF,DAOL,35.542444,-0.532278,367,1,N,Africa/Algiers
230,Zenata,Tlemcen,Algeria,TLM,DAON,35.016667,-1.45,814,1,N,Africa/Algiers
231,Es Senia,Oran,Algeria,ORN,DAOO,35.623858,-0.621183,295,1,N,Africa/Algiers
233,Ghriss,Ghriss,Algeria,MUW,DAOV,35.207725,0.147142,1686,1,N,Africa/Algiers
234,Touat Cheikh Sidi Mohamed Belkebir,Adrar,Algeria,AZR,DAUA,27.837589,-0.186414,919,1,N,Africa/Algiers
235,Biskra,Biskra,Algeria,BSK,DAUB,34.793289,5.738231,289,1,N,Africa/Algiers
236,El Golea,El Golea,Algeria,ELG,DAUE,30.571294,2.859586,1306,1,N,Africa/Algiers
237,Noumerat,Ghardaia,Algeria,GHA,DAUG,32.384106,3.794114,1512,1,N,Africa/Algiers
238,Oued Irara,Hassi Messaoud,Algeria,HME,DAUH,31.672972,6.140444,463,1,N,Africa/Algiers
239,In Salah,In Salah,Algeria,INZ,DAUI,27.251022,2.512017,896,1,N,Africa/Algiers
240,Sidi Mahdi,Touggourt,Algeria,TGR,DAUK,33.067803,6.088672,279,1,N,Africa/Algiers
241,Laghouat,Laghouat,Algeria,LOO,DAUL,33.764383,2.928344,2510,1,N,Africa/Algiers
242,Timimoun,Timimoun,Algeria,TMX,DAUT,29.237119,0.276033,1027,1,N,Africa/Algiers
243,Ouargla,Ouargla,Algeria,OGX,DAUU,31.917223,5.412778,492,1,N,Africa/Algiers
244,In Amenas,Zarzaitine,Algeria,IAM,DAUZ,28.05155,9.642911,1847,1,N,Africa/Algiers
5555,Guemar Airport,Guemar,Algeria,ELU,DAUO,33.5114,6.77679,203,1,N,Africa/Algiers
5554,Bordj Badji Mokhtar Airport,Bordj Badji Mokhtar,Algeria,BMW,DATM,21.375,0.923889,1303,1,N,Africa/Algiers
5553,Béchar Boudghene Ben Ali Lotfi Airport,Béchar,Algeria,CBH,DAOR,31.6457,-2.26986,2661,1,N,Africa/Algiers
5552,Batna Airport,Batna,Algeria,BLJ,DABT,35.752106,6.308589,2697,1,N,Africa/Algiers
6492,Ain Arnat Airport,Setif,Algeria,QSF,DAAS,36.1781,5.32449,3360,1,U,Africa/Algiers
7408,Tsletsi Airport,Djelfa,Algeria,QDJ,DAFI,34.6657,3.351,10,1,U,Africa/Algiers
1970,Pago Pago Intl,Pago Pago,American Samoa,PPG,NSTU,-14.331,-170.7105,32,-11,U,Pacific/Pago_Pago
7627,Fitiuta Airport,Fiti\\'uta,American Samoa,FTI,NSFQ,-14.216111,-169.423611,110,-11,U,Pacific/Pago_Pago
7628,Ofu Airport,Ofu,American Samoa,OFU,\N,-14.184444,-169.67,9,-11,U,Pacific/Pago_Pago
944,Mbanza Congo,M'banza-congo,Angola,SSY,FNBC,-6.269897,14.247025,1860,1,N,Africa/Luanda
945,Benguela,Benguela,Angola,BUG,FNBG,-12.609025,13.403711,118,1,N,Africa/Luanda
946,Cabinda,Cabinda,Angola,CAB,FNCA,-5.596992,12.188353,66,1,N,Africa/Luanda
948,Huambo,Huambo,Angola,NOV,FNHU,-12.808878,15.760547,5587,1,N,Africa/Luanda
949,Kuito,Kuito,Angola,SVP,FNKU,-12.404633,16.947414,5618,1,N,Africa/Luanda
951,Luanda 4 De Fevereiro,Luanda,Angola,LAD,FNLU,-8.858375,13.231178,243,1,N,Africa/Luanda
952,Malanje,Malanje,Angola,MEG,FNMA,-9.525086,16.312406,3868,1,N,Africa/Luanda
953,Menongue,Menongue,Angola,SPP,FNME,-14.657583,17.719833,4469,1,N,Africa/Luanda
955,Negage,Negage,Angola,GXG,FNNG,-7.754506,15.287728,4105,1,N,Africa/Luanda
956,Porto Amboim,Porto Amboim,Angola,PBN,FNPA,-10.721956,13.765528,16,1,N,Africa/Luanda
957,Saurimo,Saurimo,Angola,VHC,FNSA,-9.689067,20.431875,3584,1,N,Africa/Luanda
958,Soyo,Soyo,Angola,SZA,FNSO,-6.141086,12.371764,15,1,N,Africa/Luanda
959,Lubango,Lubango,Angola,SDD,FNUB,-14.924733,13.575022,5778,1,N,Africa/Luanda
960,Luena,Luena,Angola,LUO,FNUE,-11.768086,19.897672,4360,1,N,Africa/Luanda
961,Uige,Uige,Angola,UGO,FNUG,-7.603067,15.027822,2720,1,N,Africa/Luanda
962,Xangongo,Xangongo,Angola,XGN,FNXA,-16.755417,14.965344,3635,1,N,Africa/Luanda
5633,Namibe Airport,Mocamedes,Angola,MSZ,FNMO,-15.261222,12.146756,210,1,N,Africa/Luanda
5632,Ondjiva Pereira Airport,Ondjiva,Angola,VPE,FNGI,-17.043464,15.683822,3566,1,N,Africa/Luanda
5631,Dundo Airport,Dundo,Angola,DUE,FNDU,-7.40089,20.8185,2451,1,N,Africa/Luanda
5630,Catumbela Airport,Catumbela,Angola,CBT,FNCT,-12.4792,13.4869,0,1,N,Africa/Luanda
7411,Lucapa Airport,Lucapa,Angola,LBZ,FNLK,-8.443056,20.732222,500,1,U,Africa/Luanda
7412,Kapanda Airport,Kapanda,Angola,KNP,FNCP,-9.771944,15.456111,500,1,U,Africa/Luanda
2900,Wallblake,The Valley,Anguilla,AXA,TQPF,18.204834,-63.055084,127,-4,U,America/Anguilla
2874,V C Bird Intl,Antigua,Antigua and Barbuda,ANU,TAPA,17.136749,-61.792667,62,-4,U,America/Antigua
6074,Codrington Airport,Codrington,Antigua and Barbuda,BBQ,TAPH,17.6358,-61.8286,15,-4,U,America/Antigua
6869,Aeropuerto de Rafaela,Rafaela,Argentina,RAF,\N,-31.282072,-61.501594,100,-3,N,America/Cordoba
2436,Comodoro Pierrestegui,Concordia,Argentina,COC,SAAC,-31.296944,-57.996631,112,-3,N,America/Cordoba
2437,Gualeguaychu,Gualeguaychu,Argentina,GHU,SAAG,-33.010278,-58.613056,75,-3,N,America/Cordoba
2439,General Urquiza,Parana,Argentina,PRA,SAAP,-31.794778,-60.480361,243,-3,N,America/Cordoba
2440,Rosario,Rosario,Argentina,ROS,SAAR,-32.903611,-60.785,85,-3,N,America/Cordoba
2441,Sauce Viejo,Santa Fe,Argentina,SFN,SAAV,-31.711666,-60.811668,56,-3,N,America/Cordoba
2442,Aeroparque Jorge Newbery,Buenos Aires,Argentina,AEP,SABE,-34.559175,-58.415606,18,-3,N,America/Cordoba
2443,Ambrosio L V Taravella,Cordoba,Argentina,COR,SACO,-31.323619,-64.207953,1604,-3,N,America/Cordoba
2447,La Plata,La Plata,Argentina,LPG,SADL,-34.972222,-57.894694,72,-3,N,America/Cordoba
2452,El Plumerillo,Mendoza,Argentina,MDZ,SAME,-32.831717,-68.792856,2310,-3,N,America/Cordoba
2453,Malargue,Malargue,Argentina,LGS,SAMM,-35.493597,-69.574267,4683,-3,N,America/Cordoba
2454,San Rafael,San Rafael,Argentina,AFA,SAMR,-34.588314,-68.403854,2470,-3,N,America/Cordoba
2455,Catamarca,Catamarca,Argentina,CTC,SANC,-28.593214,-65.750925,1522,-3,N,America/Cordoba
2456,Santiago Del Estero,Santiago Del Estero,Argentina,SDE,SANE,-27.765617,-64.310122,656,-3,N,America/Cordoba
2458,La Rioja,La Rioja,Argentina,IRJ,SANL,-29.381636,-66.795839,1436,-3,N,America/Cordoba
2460,Teniente Benjamin Matienzo,Tucuman,Argentina,TUC,SANT,-26.840861,-65.104944,1495,-3,N,America/Cordoba
2461,San Juan,San Julian,Argentina,UAQ,SANU,-31.571472,-68.418194,1959,-3,N,America/Cordoba
2462,Rio Cuarto Area De Material,Rio Cuarto,Argentina,RCU,SAOC,-33.085128,-64.261314,1381,-3,N,America/Cordoba
2463,Villa Dolores,Villa Dolores,Argentina,VDR,SAOD,-31.945183,-65.146283,1915,-3,N,America/Cordoba
2467,San Luis,San Luis,Argentina,LUQ,SAOU,-33.273192,-66.356422,2329,-3,N,America/Cordoba
2468,Corrientes,Corrientes,Argentina,CNQ,SARC,-27.445503,-58.761864,203,-3,N,America/Cordoba
2469,Resistencia,Resistencia,Argentina,RES,SARE,-27.449986,-59.056125,173,-3,N,America/Cordoba
2470,Formosa,Formosa,Argentina,FMA,SARF,-26.212722,-58.228111,194,-3,N,America/Cordoba
2471,Cataratas Del Iguazu,Iguazu Falls,Argentina,IGR,SARI,-25.737281,-54.473444,916,-3,N,America/Cordoba
2472,Paso De Los Libres,Paso De Los Libres,Argentina,AOL,SARL,-29.689425,-57.152078,230,-3,N,America/Cordoba
2474,Posadas,Posadas,Argentina,PSS,SARP,-27.385839,-55.970728,430,-3,N,America/Cordoba
2476,Salta,Salta,Argentina,SLA,SASA,-24.855978,-65.486169,4088,-3,N,America/Cordoba
2477,Jujuy,Jujuy,Argentina,JUJ,SASJ,-24.392778,-65.097778,3019,-3,N,America/Cordoba
2478,Oran,Oran,Argentina,ORA,SASO,-23.152779,-64.32917,1168,-3,N,America/Cordoba
2486,El Bolson,El Bolson,Argentina,EHL,SAVB,-41.943189,-71.532289,1131,-3,N,America/Cordoba
2487,Comodoro Rivadavia,Comodoro Rivadavia,Argentina,CRD,SAVC,-45.785347,-67.465508,190,-3,N,America/Cordoba
2488,Esquel,Esquel,Argentina,EQS,SAVE,-42.90795,-71.139472,2621,-3,N,America/Cordoba
2490,Almirante Zar,Trelew,Argentina,REL,SAVT,-43.2105,-65.270319,141,-3,N,America/Cordoba
2491,Gobernador Castello,Viedma,Argentina,VDM,SAVV,-40.869222,-63.000389,20,-3,N,America/Cordoba
2492,El Tehuelche,Puerto Madryn,Argentina,PMY,SAVY,-42.759161,-65.102725,426,-3,N,America/Cordoba
2494,Puerto Deseado,Puerto Deseado,Argentina,PUD,SAWD,-47.735292,-65.904097,266,-3,N,America/Cordoba
2495,Rio Grande,Rio Grande,Argentina,RGA,SAWE,-53.777667,-67.749389,65,-3,N,America/Cordoba
2496,Rio Gallegos,Rio Gallegos,Argentina,RGL,SAWG,-51.608875,-69.312636,61,-3,N,America/Cordoba
2497,Ushuaia Malvinas Argentinas,Ushuaia,Argentina,USH,SAWH,-54.843278,-68.29575,71,-3,N,America/Cordoba
2498,San Julian,San Julian,Argentina,ULA,SAWJ,-49.306775,-67.802589,190,-3,N,America/Cordoba
2499,Perito Moreno,Perito Moreno,Argentina,PMQ,SAWP,-46.537911,-70.978689,1410,-3,N,America/Cordoba
2500,Santa Cruz,Santa Cruz,Argentina,RZA,SAWU,-50.01655,-68.579197,364,-3,N,America/Cordoba
2501,Comandante Espora,Bahia Blanca,Argentina,BHI,SAZB,-38.724967,-62.169317,246,-3,N,America/Cordoba
2508,Mar Del Plata,Mar Del Plata,Argentina,MDQ,SAZM,-37.934167,-57.573333,71,-3,N,America/Cordoba
2509,Presidente Peron,Neuquen,Argentina,NQN,SAZN,-38.949,-68.155711,895,-3,N,America/Cordoba
2512,Santa Rosa,Santa Rosa,Argentina,RSA,SAZR,-36.588322,-64.275694,630,-3,N,America/Cordoba
2513,San Carlos De Bariloche,San Carlos De Bariloche,Argentina,BRC,SAZS,-41.151172,-71.157542,2776,-3,N,America/Cordoba
2514,Tandil,Tandil,Argentina,TDL,SAZT,-37.237392,-59.227922,574,-3,N,America/Cordoba
2515,Villa Gesell,Villa Gesell,Argentina,VLG,SAZV,-37.235408,-57.029239,32,-3,N,America/Cordoba
2517,Aviador C Campos,San Martin Des Andes,Argentina,CPC,SAZY,-40.075383,-71.137294,2569,-3,N,America/Cordoba
3988,Ministro Pistarini,Buenos Aires,Argentina,EZE,SAEZ,-34.822222,-58.535833,67,-3,N,America/Cordoba
4061,El Calafate,El Calafate,Argentina,FTE,SAWC,-50.280322,-72.053103,669,-3,N,America/Cordoba
6032,Santa Teresita Airport,Santa Teresita,Argentina,SST,SAZL,-36.542317,-56.721756,9,-3,N,America/Cordoba
6031,Gobernador Gregores Airport,Gobernador Gregores,Argentina,GGS,SAWR,-48.7831,-70.15,356,-3,N,America/Cordoba
6029,Antoine De St Exupery Airport,San Antonio Oeste,Argentina,OES,SAVN,-40.7512,-65.0343,85,-3,N,America/Cordoba
6028,Las Heras Airport,Las Heras,Argentina,LHS,SAVH,-46.533056,-68.951111,1082,-3,N,America/Cordoba
6027,General Enrique Mosconi Airport,Tartagal,Argentina,TTG,SAST,-22.619167,-63.793189,1472,-3,N,America/Cordoba
6033,Necochea Airport,Necochea,Argentina,NEC,SAZO,-38.483056,-58.817222,72,-3,N,America/Cordoba
6030,Lago Argentino Airport,El Calafate,Argentina,ING,SAWA,-50.3361,-72.2486,732,-3,N,America/Cordoba
7221,ZAPALA,ZAPALA,Argentina,APZ,SAHZ,-38.9755,-70.113581,3330,-3,N,America/Cordoba
7222,Rincon de los Sauces,Rincon de los Sauces,Argentina,RDS,\N,-37.390617,-68.904211,1969,-3,N,America/Cordoba
7223,Colonia Sarmiento,Colonia Sarmiento,Argentina,OLN,\N,-45.6,-69.083333,849,-3,N,America/Cordoba
7225,Rio Turbio,Rio Turbio,Argentina,RYO,\N,-51.533333,-72.3,1158,-3,N,America/Cordoba
7227,Caleta Olivia,Caleta Olivia,Argentina,CVI,\N,-46.4333,-67.5333,124,-3,N,America/Cordoba
7229,Sierra Grande,Sierra Grande,Argentina,SGV,SAVS,-41.592,-65.341,820,-3,N,America/Cordoba
7230,Ingeniero Jacobacci,Ingeniero Jacobacci,Argentina,IGB,SAVJ,-41.3,-69.5833,2936,-3,N,America/Cordoba
7232,El Chalten,El Chalten,Argentina,ELX,\N,-49.328889,-72.93,1279,-3,N,America/Cordoba
7308,Aeropuerto Internacional Valle del Conlara,Merlo,Argentina,RLO,\N,-32.349803,-65.179932,100,-3,N,America/Cordoba
7311,Alto Rio Senguer Airport,Alto Rio Senguer,Argentina,ARR,SAVR,-45.016667,-70.816667,2145,-3,N,America/Cordoba
7312,Jose de San Martin Airport,Jose de San Martin,Argentina,JSM,SAWS,-44.016667,-70.466667,4359,-3,N,America/Cordoba
8852,Gilberto Lavaque,Cafayate,Argentina,CFX,SASC,-26.06245,-65.932095,5523,-3,S,America/Cordoba
8914,Termal,Rio Hondo,Argentina,RHD,SANH,-27.509946,-64.936666,1181,-3,S,America/Cordoba
3964,Zvartnots,Yerevan,Armenia,EVN,UDYZ,40.147275,44.395881,2838,4,E,Asia/Yerevan
3965,Gyumri,Gyumri,Armenia,LWN,UDSG,40.750369,43.859342,5000,4,E,Asia/Yerevan
2895,Reina Beatrix Intl,Oranjestad,Aruba,AUA,TNCA,12.501389,-70.015221,60,-4,U,America/Aruba
6809,Maitland Airport,Maitland,Australia,MTL,YMND,-32.7033,151.488,75,10,O,Australia/Sydney
6808,Mudgee Airport,Mudgee,Australia,DGE,YMDG,-32.5625,149.611,1545,10,O,Australia/Sydney
6870,Whitsunday Airstrip,Airlie Beach,Australia,WSY,YWHI,-20.276,148.755,60,10,O,Australia/Brisbane
6807,Scone Airport,Scone,Australia,NSO,YSCO,-32.0372,150.832,745,10,O,Australia/Sydney
6806,Cessnock Airport,Cessnock,Australia,CES,YCNK,-32.7875,151.342,211,10,O,Australia/Sydney
6829,Orchid Beach,Fraser Island,Australia,OKB,KOKB,-24.95841,153.3145,6,10,O,Australia/Brisbane
3318,Bamaga Injinoo,Amberley,Australia,ABM,YBAM,-10.950833,142.459444,34,10,O,Australia/Brisbane
3319,Alice Springs,Alice Springs,Australia,ASP,YBAS,-23.806667,133.902222,1789,9.5,N,Australia/Darwin
3320,Brisbane Intl,Brisbane,Australia,BNE,YBBN,-27.384167,153.1175,13,10,N,Australia/Brisbane
3321,Gold Coast,Coolangatta,Australia,OOL,YBCG,-28.164444,153.504722,21,10,N,Australia/Brisbane
3322,Cairns Intl,Cairns,Australia,CNS,YBCS,-16.885833,145.755278,10,10,N,Australia/Brisbane
3323,Charleville,Charlieville,Australia,CTL,YBCV,-26.413334,146.2625,1003,10,O,Australia/Brisbane
3324,Mount Isa,Mount Isa,Australia,ISA,YBMA,-20.663889,139.488611,1121,10,O,Australia/Brisbane
3325,Sunshine Coast,Maroochydore,Australia,MCY,YBMC,-26.603333,153.091111,15,10,O,Australia/Brisbane
3326,Mackay,Mackay,Australia,MKY,YBMK,-21.171667,149.179722,19,10,O,Australia/Brisbane
3328,Proserpine Whitsunday Coast,Prosserpine,Australia,PPP,YBPN,-20.495,148.552222,82,10,O,Australia/Brisbane
3329,Rockhampton,Rockhampton,Australia,ROK,YBRK,-23.381944,150.475278,34,10,O,Australia/Brisbane
3330,Townsville,Townsville,Australia,TSV,YBTL,-19.2525,146.765278,18,10,N,Australia/Brisbane
3331,Weipa,Weipa,Australia,WEI,YBWP,-12.678611,141.925278,63,10,O,Australia/Brisbane
3332,Avalon,Avalon,Australia,AVV,YMAV,-38.039444,144.469444,35,10,O,Australia/Hobart
3333,Albury,Albury,Australia,ABX,YMAY,-36.067778,146.958056,539,10,O,Australia/Sydney
3334,Melbourne Essendon,Melbourne,Australia,MEB,YMEN,-37.728056,144.901944,282,10,O,Australia/Hobart
3336,Hobart,Hobart,Australia,HBA,YMHB,-42.836111,147.510278,13,10,O,Australia/Melbourne
3337,Launceston,Launceston,Australia,LST,YMLT,-41.545278,147.214167,562,10,O,Australia/Melbourne
3338,Melbourne Moorabbin,Melbourne,Australia,MBW,YMMB,-37.975833,145.102222,50,10,O,Australia/Hobart
3339,Melbourne Intl,Melbourne,Australia,MEL,YMML,-37.673333,144.843333,434,10,O,Australia/Hobart
3341,Adelaide Intl,Adelaide,Australia,ADL,YPAD,-34.945,138.530556,20,9.5,O,Australia/Adelaide
3344,Perth Jandakot,Perth,Australia,JAD,YPJT,-32.0975,115.881111,99,8,O,Australia/Perth
3345,Karratha,Karratha,Australia,KTA,YPKA,-20.712222,116.773333,29,8,O,Australia/Perth
3346,Kalgoorlie Boulder,Kalgoorlie,Australia,KGI,YPKG,-30.789444,121.461667,1203,8,O,Australia/Perth
3347,Kununurra,Kununurra,Australia,KNX,YPKU,-15.778056,128.7075,145,8,O,Australia/Perth
3348,Learmonth,Learmonth,Australia,LEA,YPLM,-22.235556,114.088611,19,8,O,Australia/Perth
3349,Port Hedland Intl,Port Hedland,Australia,PHE,YPPD,-20.377778,118.626389,33,8,O,Australia/Perth
3351,Perth Intl,Perth,Australia,PER,YPPH,-31.940278,115.966944,67,8,N,Australia/Perth
3352,Woomera,Woomera,Australia,UMR,YPWR,-31.144167,136.816944,548,9.5,O,Australia/Adelaide
3354,Sydney Bankstown,Sydney,Australia,BWU,YSBK,-33.924444,150.988333,29,10,O,Australia/Sydney
3355,Canberra,Canberra,Australia,CBR,YSCB,-35.306944,149.195,1886,10,O,Australia/Sydney
3356,Coffs Harbour,Coff's Harbour,Australia,CFS,YSCH,-30.320556,153.116389,18,10,O,Australia/Sydney
3357,Camden,Camden,Australia,CDU,YSCN,-34.040278,150.687222,230,10,O,Australia/Sydney
3358,Dubbo,Dubbo,Australia,DBO,YSDU,-32.216667,148.574722,935,10,O,Australia/Sydney
3360,Richmond,Richmond,Australia,RCM,YSRI,-33.600556,150.780833,67,10,O,Australia/Sydney
3361,Sydney Intl,Sydney,Australia,SYD,YSSY,-33.946111,151.177222,21,10,O,Australia/Sydney
3362,Tamworth,Tamworth,Australia,TMW,YSTW,-31.083889,150.846667,1334,10,O,Australia/Sydney
3363,Wagga Wagga,Wagga Wagga,Australia,WGA,YSWG,-35.165278,147.466389,724,10,O,Australia/Sydney
3990,Emerald,Emerald,Australia,EMD,YEML,-23.5675,148.179167,624,10,O,Australia/Brisbane
3999,Darwin Intl,Darwin,Australia,DRW,YPDN,-12.4083333,130.87266,103,9.5,N,Australia/Darwin
4010,Ayers Rock,Uluru,Australia,AYQ,YAYE,-25.186111,130.975556,1626,9.5,N,Australia/Darwin
4051,Kingscote Airport,Kingscote,Australia,KGC,YKSC,-35.713889,137.521389,24,9.5,O,Australia/Adelaide
4052,Hervey Bay Airport,Hervey Bay,Australia,HVB,YHBA,-25.318889,152.880278,60,10,O,Australia/Brisbane
4062,Armidale,Armidale,Australia,ARM,YARM,-30.528056,151.617222,3556,10,O,Australia/Sydney
4217,Blackall,Blackall,Australia,BKQ,YBCK,-24.427778,145.428611,928,10,O,Australia/Brisbane
4218,Bundaberg,Bundaberg,Australia,BDB,YBUD,-24.903889,152.318611,107,10,O,Australia/Brisbane
4221,Hayman Island Airport,Hayman Island,Australia,HIS,YHYN,-20.066668,148.86667,10,10,O,Australia/Brisbane
4289,Thangool,Biloela,Australia,THG,YTNG,-24.493889,150.576111,644,10,O,Australia/Brisbane
4291,Ballina Byron Gateway,Ballina Byron Bay,Australia,BNK,YBNA,-28.833889,153.5625,7,10,O,Australia/Sydney
4319,Broome,Broome,Australia,BME,YPBR,-17.8,122.2,56,8,O,Australia/Perth
4320,Newcastle Airport,Newcastle,Australia,NTL,YWLM,-32.78,151.83,31,10,O,Australia/Sydney
6805,Goulburn Airport,Goulburn,Australia,GUL,YGLB,-34.8103,149.726,2141,10,O,Australia/Sydney
6235,Albany Airport,Albany,Australia,ALH,YABA,-34.9433,117.809,233,8,O,Australia/Perth
6236,Argyle Airport,Argyle,Australia,GYL,YARG,-16.6369,128.451,522,8,O,Australia/Perth
6237,Aurukun Airport,Aurukun,Australia,AUU,YAUR,-13.3539,141.721,31,10,O,Australia/Brisbane
6238,Barcaldine Airport,Barcaldine,Australia,BCI,YBAR,-23.5653,145.307,878,10,O,Australia/Brisbane
6239,Badu Island Airport,Badu Island,Australia,BDD,YBAU,-10.15,141.175,14,9,O,\N
6240,Birdsville Airport,Birdsville,Australia,BVI,YBDV,-25.8975,139.348,159,10,O,Australia/Brisbane
6241,Broken Hill Airport,Broken Hill,Australia,BHQ,YBHI,-32.0014,141.472,958,9.5,O,Australia/Adelaide
6242,Hamilton Island Airport,Hamilton Island,Australia,HTI,YBHM,-20.3581,148.952,15,10,O,Australia/Brisbane
6243,Bedourie Airport,Bedourie,Australia,BEU,YBIE,-24.3461,139.46,300,10,O,Australia/Brisbane
6244,Bourke Airport,Bourke,Australia,BRK,YBKE,-30.0392,145.952,352,10,O,Australia/Sydney
6245,Burketown Airport,Burketown,Australia,BUC,YBKT,-17.7486,139.534,21,10,O,Australia/Brisbane
6246,Boigu Airport,Boigu,Australia,GIC,YBOI,-9.23278,142.218,23,10,O,\N
6247,Oakey Airport,Oakey,Australia,OKY,YBOK,-27.411389,151.735278,1335,10,O,Australia/Brisbane
6248,Boulia Airport,Boulia,Australia,BQL,YBOU,-22.9133,139.9,542,10,O,Australia/Brisbane
6249,Bathurst Airport,Bathurst,Australia,BHS,YBTH,-33.4094,149.652,2435,10,O,Australia/Sydney
6250,Blackwater Airport,Blackwater,Australia,BLT,YBTR,-23.6031,148.807,657,10,O,Australia/Brisbane
6251,Carnarvon Airport,Carnarvon,Australia,CVQ,YCAR,-24.8806,113.672,13,8,O,Australia/Perth
6252,Cobar Airport,Cobar,Australia,CAZ,YCBA,-31.5383,145.794,724,10,O,Australia/Sydney
6253,Coober Pedy Airport,Coober Pedy,Australia,CPD,YCBP,-29.04,134.721,740,9.5,O,Australia/Adelaide
6254,Coconut Island Airport,Coconut Island,Australia,CNC,YCCT,-10.05,143.07,3,10,O,\N
6255,Cloncurry Airport,Cloncurry,Australia,CNJ,YCCY,-20.6686,140.504,616,10,O,Australia/Brisbane
6256,Ceduna Airport,Ceduna,Australia,CED,YCDU,-32.1306,133.71,77,9.5,O,Australia/Adelaide
6257,Cooktown Airport,Cooktown,Australia,CTN,YCKN,-15.4447,145.184,26,10,O,Australia/Brisbane
6258,Cunnamulla Airport,Cunnamulla,Australia,CMA,YCMU,-28.03,145.622,630,10,O,Australia/Brisbane
6259,Coonamble Airport,Coonamble,Australia,CNB,YCNM,-30.9833,148.376,604,10,O,Australia/Sydney
6260,Coen Airport,Coen,Australia,CUQ,YCOE,-13.7608,143.114,532,10,O,Australia/Brisbane
6261,Cooma Snowy Mountains Airport,Cooma,Australia,OOM,YCOM,-36.3006,148.974,3088,10,O,Australia/Sydney
6262,Doomadgee Airport,Doomadgee,Australia,DMD,YDMG,-17.9403,138.822,153,10,O,Australia/Brisbane
6263,Darnley Island Airport,Darnley Island,Australia,NLF,YDNI,-9.58333,143.767,0,10,O,\N
6264,Devonport Airport,Devonport,Australia,DPO,YDPO,-41.1697,146.43,33,10,O,Australia/Melbourne
6265,Elcho Island Airport,Elcho Island,Australia,ELC,YELD,-12.0194,135.571,101,9.5,O,Australia/Darwin
6266,Esperance Airport,Esperance,Australia,EPR,YESP,-33.6844,121.823,470,8,O,Australia/Perth
6267,Flinders Island Airport,Flinders Island,Australia,FLS,YFLI,-40.0917,147.993,10,10,O,Australia/Melbourne
6268,Geraldton Airport,Geraldton,Australia,GET,YGEL,-28.7961,114.707,121,8,O,Australia/Perth
6269,Gladstone Airport,Gladstone,Australia,GLT,YGLA,-23.8697,151.223,64,10,O,Australia/Brisbane
6270,Groote Eylandt Airport,Groote Eylandt,Australia,GTE,YGTE,-13.975,136.46,53,9.5,O,Australia/Darwin
6271,Griffith Airport,Griffith,Australia,GFF,YGTH,-34.2508,146.067,439,10,O,Australia/Sydney
6272,Horn Island Airport,Horn Island,Australia,HID,YHID,-10.5864,142.29,43,10,O,Australia/Brisbane
6273,Hooker Creek Airport,Hooker Creek,Australia,HOK,YHOO,-18.3367,130.638,320,9.5,O,Australia/Darwin
6274,Mount Hotham Airport,Mount Hotham,Australia,MHU,YHOT,-37.0475,147.334,4260,10,O,Australia/Hobart
6275,Hughenden Airport,Hughenden,Australia,HGD,YHUG,-20.815,144.225,1043,10,O,Australia/Brisbane
6276,Julia Creek Airport,Julia Creek,Australia,JCK,YJLC,-20.6683,141.723,404,10,O,Australia/Brisbane
6277,Kalbarri Airport,Kalbarri,Australia,KAX,YKBR,-27.69,114.262,157,8,O,Australia/Perth
6278,King Island Airport,King Island,Australia,KNS,YKII,-39.8775,143.878,132,10,O,Australia/Melbourne
6279,Kalkgurung Airport,Kalkgurung,Australia,KFG,YKKG,-17.4319,130.808,646,9.5,O,Australia/Darwin
6280,Karumba Airport,Karumba,Australia,KRB,YKMB,-17.4567,140.83,5,10,O,Australia/Brisbane
6281,Kowanyama Airport,Kowanyama,Australia,KWM,YKOW,-15.4856,141.751,35,10,O,Australia/Brisbane
6282,Kubin Airport,Kubin,Australia,KUG,YKUB,-10.225,142.218,15,10,O,Australia/Brisbane
6283,Leonora Airport,Leonora,Australia,LNO,YLEO,-28.8781,121.315,1217,8,O,Australia/Perth
6284,Lake Evella Airport,Lake Evella,Australia,LEL,YLEV,-12.4989,135.806,256,9.5,O,Australia/Darwin
6285,Lord Howe Island Airport,Lord Howe Island,Australia,LDH,YLHI,-31.5383,159.077,5,10.5,O,\N
6286,Lockhart River Airport,Lockhart River,Australia,IRG,YLHR,-12.7869,143.305,77,10,O,Australia/Brisbane
6287,Lismore Airport,Lismore,Australia,LSY,YLIS,-28.8303,153.26,35,10,O,Australia/Sydney
6288,Lightning Ridge Airport,Lightning Ridge,Australia,LHG,YLRD,-29.4567,147.984,540,10,O,Australia/Sydney
6289,Longreach Airport,Longreach,Australia,LRE,YLRE,-23.4342,144.28,627,10,O,Australia/Brisbane
6290,Leinster Airport,Leinster,Australia,LER,YLST,-27.8433,120.703,1631,8,O,Australia/Perth
6291,Laverton Airport,Laverton,Australia,LVO,YLTN,-28.6136,122.424,1530,8,O,Australia/Perth
6292,Mabuiag Island Airport,Mabuiag Island,Australia,UBB,YMAA,-9.95,142.183,0,10,O,Australia/Brisbane
6293,Meekatharra Airport,Meekatharra,Australia,MKR,YMEK,-26.6117,118.548,1713,8,O,Australia/Perth
6294,Merimbula Airport,Merimbula,Australia,MIM,YMER,-36.9086,149.901,7,10,O,Australia/Sydney
6295,Milingimbi Airport,Milingimbi,Australia,MGT,YMGB,-12.0944,134.894,53,9.5,O,Australia/Darwin
6296,Maningrida Airport,Maningrida,Australia,MNG,YMGD,-12.0561,134.234,123,9.5,O,Australia/Darwin
6297,McArthur River Mine Airport,McArthur River Mine,Australia,MCV,YMHU,-16.4425,136.084,131,9.5,O,Australia/Darwin
6298,Mildura Airport,Mildura,Australia,MQL,YMIA,-34.2292,142.086,167,10,O,Australia/Hobart
6299,Mount Magnet Airport,Mount Magnet,Australia,MMG,YMOG,-28.1161,117.842,1354,8,O,Australia/Perth
6300,Moree Airport,Moree,Australia,MRZ,YMOR,-29.4989,149.845,701,10,O,Australia/Sydney
6301,Moranbah Airport,Moranbah,Australia,MOV,YMRB,-22.0578,148.077,770,10,O,Australia/Brisbane
6302,Moruya Airport,Moruya,Australia,MYA,YMRY,-35.8978,150.144,14,10,O,Australia/Sydney
6303,Mount Gambier Airport,Mount Gambier,Australia,MGB,YMTG,-37.7456,140.785,212,9.5,O,Australia/Adelaide
6304,Mornington Island Airport,Mornington Island,Australia,ONG,YMTI,-16.6625,139.178,33,10,O,Australia/Brisbane
6305,Murray Island Airport,Murray Island,Australia,MYI,YMUI,-9.91667,144.055,0,10,O,\N
6306,Maryborough Airport,Maryborough,Australia,MBH,YMYB,-25.5133,152.715,38,10,O,Australia/Brisbane
6307,Narrandera Airport,Narrandera,Australia,NRA,YNAR,-34.7022,146.512,474,10,O,Australia/Sydney
6308,Narrabri Airport,Narrabri,Australia,NAA,YNBR,-30.3192,149.827,788,10,O,Australia/Sydney
6309,Normanton Airport,Normanton,Australia,NTN,YNTN,-17.6836,141.07,73,10,O,Australia/Brisbane
6310,Newman Airport,Newman,Australia,ZNE,YNWN,-23.4178,119.803,1724,8,O,Australia/Perth
6311,Olympic Dam Airport,Olympic Dam,Australia,OLP,YOLD,-30.485,136.877,343,9.5,O,Australia/Adelaide
6312,Port Augusta Airport,Argyle,Australia,PUG,YPAG,-32.506944,137.716667,56,9.5,O,Australia/Adelaide
6313,Palm Island Airport,Palm Island,Australia,PMK,YPAM,-18.7553,146.581,28,10,O,Australia/Brisbane
6314,Paraburdoo Airport,Paraburdoo,Australia,PBO,YPBO,-23.1711,117.745,1406,8,O,Australia/Perth
6316,Gove Airport,Gove,Australia,GOV,YPGV,-12.2694,136.818,192,9.5,O,Australia/Darwin
6317,Parkes Airport,Parkes,Australia,PKE,YPKS,-33.1314,148.239,1069,10,O,Australia/Sydney
6318,Port Lincoln Airport,Port Lincoln,Australia,PLO,YPLC,-34.6053,135.88,36,9.5,O,Australia/Adelaide
6319,Pormpuraaw Airport,Pormpuraaw,Australia,EDR,YPMP,-14.8967,141.609,10,10,O,Australia/Brisbane
6320,Port Macquarie Airport,Port Macquarie,Australia,PQQ,YPMQ,-31.4358,152.863,12,10,O,Australia/Sydney
6321,Portland Airport,Portland,Australia,PTJ,YPOD,-38.3181,141.471,265,10,O,Australia/Hobart
6322,Quilpie Airport,Quilpie,Australia,ULP,YQLP,-26.6122,144.253,655,10,O,Australia/Brisbane
6323,Ramingining Airport,Ramingining,Australia,RAM,YRNG,-12.3564,134.898,206,9.5,O,Australia/Darwin
6324,Roma Airport,Roma,Australia,RMA,YROM,-26.545,148.775,1032,10,O,Australia/Brisbane
6325,St George Airport,St George,Australia,SGO,YSGE,-28.0497,148.595,656,10,O,Australia/Brisbane
6326,Shark Bay Airport,Shark Bay,Australia,MJK,YSHK,-25.8939,113.577,111,8,O,Australia/Perth
6327,Saibai Island Airport,Saibai Island,Australia,SBR,YSII,-9.37833,142.625,0,10,O,\N
6328,Strahan Airport,Strahan,Australia,SRN,YSRN,-42.155,145.292,20,10,O,Australia/Melbourne
6329,Thargomindah Airport,Thargomindah,Australia,XTG,YTGM,-27.9864,143.811,433,10,O,Australia/Brisbane
6330,Tennant Creek Airport,Tennant Creek,Australia,TCA,YTNK,-19.6344,134.183,1236,9.5,O,Australia/Darwin
6331,Victoria River Downs Airport,Victoria River Downs,Australia,VCD,YVRD,-16.4033,131.002,89,9.5,O,Australia/Darwin
6332,Warraber Island Airport,Sue Islet,Australia,SYU,YWBS,-10.2083,142.825,3,10,O,Australia/Brisbane
6333,Windorah Airport,Windorah,Australia,WNR,YWDH,-25.4131,142.667,452,10,O,Australia/Brisbane
6334,Whyalla Airport,Whyalla,Australia,WYA,YWHA,-33.0589,137.514,41,9.5,O,Australia/Adelaide
6335,Wiluna Airport,Wiluna,Australia,WUN,YWLU,-26.6292,120.221,1649,8,O,Australia/Perth
6336,Wollongong Airport,Wollongong,Australia,WOL,YWOL,-34.5611,150.789,31,10,O,Australia/Sydney
6337,Winton Airport,Winton,Australia,WIN,YWTN,-22.3636,143.086,638,10,O,Australia/Brisbane
6338,Wynyard Airport,Burnie,Australia,BWT,YWYY,-40.9989,145.731,62,10,O,Australia/Melbourne
6339,Yorke Island Airport,Yorke Island,Australia,OKR,YYKI,-9.75703,143.411,0,10,O,\N
6340,Yam Island Airport,Yam Island,Australia,XMY,YYMI,-9.90111,142.776,0,10,O,\N
6419,Mount Keith,Mount Keith,Australia,WME,YMNE,-27.286389,120.554722,1792,8,O,Australia/Perth
6899,Nowra Airport,Nowra,Australia,NOA,YSNW,-34.9489,150.537,400,10,O,Australia/Sydney
6897,Tindal Airport,Katherine,Australia,KTR,YPTN,-14.5211,132.378,443,9.5,O,Australia/Darwin
6794,Taree Airport,Taree,Australia,TRO,YTRE,-31.8886,152.514,38,10,U,Australia/Sydney
6793,Orange Airport,Orange,Australia,OAG,YORG,-33.3817,149.133,3115,10,U,Australia/Sydney
6792,Grafton Airport,Grafton,Australia,GFN,YGFN,-29.7594,153.03,110,10,U,Australia/Sydney
7128,Toowoomba,Toowoomba,Australia,TWB,YTWB,-27.542778,151.916389,2086,10,N,Australia/Brisbane
7566,Barrow Island Airport,Barrow Island,Australia,BWB,YBWX,-20.798,115.406,25,8,U,Australia/Perth
7567,Morawa Airport,Morawa,Australia,MWB,\N,-29.211,116.009,899,8,U,Australia/Perth
7568,Exmouth Airport,Exmouth,Australia,EXM,\N,-21.933,114.128,50,8,U,Australia/Perth
7569,Derby Airport,Derby,Australia,DRB,YDBY,-17.39,123.68,26,8,U,Australia/Perth
7570,Walgett Airport,Walgett,Australia,WGE,YWLG,-30.0318,148.1222,439,10,U,Australia/Sydney
7571,Bathurst Island Airport,Bathurst Island,Australia,BRT,YBTI,-11.769167,130.619722,67,9.5,U,Australia/Darwin
7572,Dunk Island Airport,Dunk Island,Australia,DKI,YDKI,-17.939722,146.141944,38,10,U,Australia/Brisbane
7573,Lizard Island Airport,Lizard Island,Australia,LZR,YLZI,-14.673056,145.454444,40,10,O,Australia/Brisbane
7574,Hamilton Airport,Hamilton,Australia,HLT,YHML,-37.648889,142.065278,803,10,O,Australia/Hobart
7575,Halls Creek Airport,Halls Creek,Australia,HCQ,YHLC,-18.233889,127.669722,1346,8,U,Australia/Perth
7576,Fitzroy Crossing Airport,Fitzroy Crossing,Australia,FIZ,YFTZ,-18.178,125.591,374,8,U,Australia/Perth
7577,Ravensthorpe Airport,Ravensthorpe,Australia,RVT,YNRV,-33.797222,120.208056,209,8,U,Australia/Perth
7636,Heron Island,Heron Island,Australia,HRN,\N,-23.441667,151.911389,0,10,O,Australia/Brisbane
7637,Lady Elliot Island,Lady Elliot Island,Australia,LYT,\N,-24.113333,152.715278,0,10,O,Australia/Brisbane
7638,Orpheus Island,Orpheus Island,Australia,ORS,\N,-18.634,146.5,0,10,O,Australia/Brisbane
7704,Geelong Airport,Geelong,Australia,GEX,YGLG,-38.225,144.333,43,10,O,Australia/Hobart
7782,Penneshaw Airport,Penneshaw,Australia,PEA,YPSH,-34.75,137.933,0,9.5,O,Australia/Adelaide
7912,Cooinda,Cooinda,Australia,CDA,YCOO,-12.9033,132.532,43,9.5,U,Australia/Darwin
7913,Jabiru,Jabiru,Australia,JAB,YJAB,-12.6571,132.893,52,9.5,U,Australia/Darwin
8265,Telfer Airport,Telfer,Australia,TEF,YTEF,-21.713057,122.21222,970,8,N,Australia/Perth
8348,Renmark,Renmark,Australia,RMK,YREN,-34.118,140.404,115,9.5,O,Australia/Adelaide
8380,Mallacoota Airport,Mallacoota,Australia,XMC,YMCO,-37.598301,149.720001,31,10,U,Australia/Hobart
8395,Yuendumu ,Yuendumu ,Australia,YUE,YYND,-22.254167,131.781944,2205,9.5,O,Australia/Darwin
8820,Great Keppel Island,Great Keppel Island,Australia,GKL,YGKL,-23.186,150.943,250,10,U,Australia/Brisbane
8821,Roper Bar,Roper Bar,Australia,RPB,YRRB,-14.73457,134.5252,70,9.5,U,Australia/Darwin
8823,Innisfail,Innisfail,Australia,IFL,YIFL,-17.55908,146.01123,46,10,U,Australia/Brisbane
8831,Moomba,Moomba,Australia,MOO,YOOM,-28.1,140.2,143,9.5,O,Australia/Adelaide
8847,Onslow ,Onslow,Australia,ONS,YOLW,-21.667,115.116,23,8,O,Australia/Perth
8848,Theodore,Theodore,Australia,TDR,YTDR,-24.986737,150.093112,560,10,N,Australia/Brisbane
8980,Chinchilla,Chinchilla,Australia,CCL,YCCA,-26.769444,150.616667,1030,10,O,Australia/Brisbane
8984,Shute Harbour,Shute Harbour,Australia,JHQ,YSHR,-20.278299,148.757004,12,10,O,Australia/Brisbane
8994,Shepparton,Shepparton,Australia,SHT,YSHT,-36.428902,145.393005,374,10,O,Australia/Hobart
8995,Temora,Temora,Australia,TEM,YTEM,-34.4248,147.5104,921,10,O,Australia/Sydney
8996,Gayndah,Gayndah,Australia,GAH,YGAY,-25.61528,151.62083,369,10,N,Australia/Brisbane
8998,Wilcannia,Wilcannia,Australia,WIO,YWCA,-31.51749992,143.3789978,250,10,O,Australia/Sydney
9065,Belmont Airport,Lake Macquarie,Australia,BEO,YPEC,-33.066667,151.648333,5,10,O,Australia/Sydney
9068,Brampton Island,Brampton Island,Australia,BMP,YBPI,-20.8044444,149.2794444,5,10,O,Australia/Brisbane
9090,Brusselton,Brusselton,Australia,BQB,YBLN,-33.687222,115.400278,55,8,O,Australia/Perth
9095,Inverell,Inverell,Australia,IVR,YIVL,-29.888333,151.144167,2667,10,O,Australia/Sydney
9096,Glen Innes,Glen Innes,Australia,GLI,YGLI,-29.675,151.69,3433,10,O,Australia/Sydney
9127,Dave Forest Airport,Cloudbreak,Australia,KFE,YFDF,-22.291945,119.437225,1555,8,N,Australia/Perth
9146,Solomon Airport,Solomon,Australia,SLJ,YSOL,-22.255,117.85,2008,8,N,Australia/Perth
9193,Coonabarabran,Coonabarabran,Australia,COJ,YCBB,-31.337221,149.27194,2117,10,O,Australia/Sydney
9402,Bairnsdale Airport,Bairnsdale,Australia,BSJ,YBNS,-37.8875,147.567778,165,10,O,Australia/Hobart
9532,Prominent Hill,Prominent Hill,Australia,PXH,YPMH,-29.716667,135.521667,734,9.5,O,Australia/Adelaide
1609,Graz,Graz,Austria,GRZ,LOWG,46.991067,15.439628,1115,1,E,Europe/Vienna
1610,Innsbruck,Innsbruck,Austria,INN,LOWI,47.260219,11.343964,1906,1,E,Europe/Vienna
1611,Linz,Linz,Austria,LNZ,LOWL,48.233219,14.187511,978,1,E,Europe/Vienna
1612,Salzburg,Salzburg,Austria,SZG,LOWS,47.793304,13.004333,1411,1,E,Europe/Vienna
1613,Schwechat,Vienna,Austria,VIE,LOWW,48.110278,16.569722,600,1,E,Europe/Vienna
6797,Hohenems,Hohenems,Austria,HOJ,LOIH,47.385,9.7,412,1,E,Europe/Vienna
4322,Woerthersee International Airport,Klagenfurt,Austria,KLU,LOWK,46.642514,14.337739,452,1,E,Europe/Vienna
8490,Hauptbahnhof,Salzburg,Austria,ZSB,\N,47.813056,13.046667,1391,1,E,Europe/Vienna
9230,Westbahnhoff,Vienna,Austria,XWW,\N,48.196667,16.337778,600,1,E,Europe/Vienna
2922,Heydar Aliyev,Baku,Azerbaijan,GYD,UBBB,40.4675,50.046667,10,4,E,Asia/Baku
4288,Heydar Aliyev,Baku,Azerbaijan,BAK,\N,40.4675,50.046667,10,4,E,Asia/Baku
6090,Nakhchivan Airport,Nakhchivan,Azerbaijan,NAJ,UBBN,39.1888,45.4584,2863,4,E,Asia/Baku
6089,Ganja Airport,Ganja,Azerbaijan,KVD,UBBG,40.7377,46.3176,1083,4,E,Asia/Baku
8774,Lankaran International Airport,Lankaran,Azerbaijan,LLK,UBBL,38.746389,48.817778,30,4,U,Asia/Baku
8775,Qabala Airport,Qabala,Azerbaijan,GBB,UBBQ,40.826667,47.7125,100,4,E,Asia/Baku
8776,Zaqatala International Airport,Zaqatala,Azerbaijan,ZTU,UBBY,41.562222,46.667222,100,4,E,Asia/Baku
1928,Fresh Creek,Andros Town,Bahamas,ASD,MYAF,24.698283,-77.795611,5,-5,U,America/Nassau
1930,Marsh Harbour,Marsh Harbor,Bahamas,MHH,MYAM,26.511406,-77.083472,6,-5,U,America/Nassau
1931,San Andros,San Andros,Bahamas,SAQ,MYAN,25.053814,-78.048997,5,-5,U,America/Nassau
1932,Spring Point,Spring Point,Bahamas,AXP,MYAP,22.441828,-73.970858,11,-5,U,America/Nassau
1934,Treasure Cay,Treasure Cay,Bahamas,TCB,MYAT,26.745336,-77.391269,8,-5,U,America/Nassau
1935,Chub Cay,Chub Cay,Bahamas,CCZ,MYBC,25.417108,-77.88085,5,-5,U,America/Nassau
1937,South Bimini,Alice Town,Bahamas,BIM,MYBS,25.699881,-79.264656,10,-5,U,America/Nassau
1941,Exuma Intl,Great Exuma,Bahamas,GGT,MYEF,23.562631,-75.877958,9,-5,U,America/Nassau
1943,North Eleuthera,North Eleuthera,Bahamas,ELH,MYEH,25.474861,-76.683489,13,-5,U,America/Nassau
1944,Governors Harbour,Governor's Harbor,Bahamas,GHB,MYEM,25.284706,-76.331011,26,-5,U,America/Nassau
1946,Rock Sound,Rock Sound,Bahamas,RSD,MYER,24.8917,-76.177739,10,-5,U,America/Nassau
1948,Grand Bahama Intl,Freeport,Bahamas,FPO,MYGF,26.558686,-78.695553,7,-5,U,America/Nassau
1949,Matthew Town,Matthew Town,Bahamas,IGA,MYIG,20.975,-73.666862,8,-5,U,America/Nassau
1950,Deadmans Cay,Dead Man's Cay,Bahamas,LGI,MYLD,23.179014,-75.093597,9,-5,U,America/Nassau
1951,Stella Maris,Stella Maris,Bahamas,SML,MYLS,23.581444,-75.270475,10,-5,U,America/Nassau
1952,Mayaguana,Mayaguana,Bahamas,MYG,MYMM,22.379528,-73.0135,11,-5,U,America/Nassau
1953,Lynden Pindling Intl,Nassau,Bahamas,NAS,MYNN,25.038958,-77.466231,16,-5,U,America/Nassau
1956,San Salvador,Cockburn Town,Bahamas,ZSA,MYSM,24.063275,-74.523967,24,-5,U,America/Nassau
4003,Bimini North Seaplane Base,Bimini,Bahamas,NSB,\N,25.767,-79.25,0,-5,U,America/Nassau
5860,Nassau Paradise Island Airport,Nassau,Bahamas,PID,MYPI,25.083,-77.3,0,-5,U,America/Nassau
5859,Colonel Hill Airport,Colonel Hill,Bahamas,CRI,MYCI,22.745561,-74.182353,5,-5,U,America/Nassau
5858,New Bight Airport,Cat Island,Bahamas,CAT,MYCB,24.315292,-75.452331,5,-5,U,America/Nassau
5857,Arthurs Town Airport,Arthur's Town,Bahamas,ATC,MYCA,24.629417,-75.673775,18,-5,U,America/Nassau
5856,Congo Town Airport,Andros,Bahamas,COX,MYAK,24.158933,-77.589758,15,-5,U,America/Nassau
7865,Paradise Island Seaplane Base,Nassau,Bahamas,WZY,\N,25.0872,-77.3239,0,-5,U,America/Nassau
2057,Bahrain Intl,Bahrain,Bahrain,BAH,OBBI,26.270834,50.63361,6,3,U,Asia/Bahrain
3068,Coxs Bazar,Cox's Bazar,Bangladesh,CXB,VGCB,21.452194,91.963889,12,6,U,Asia/Dhaka
3069,Shah Amanat Intl,Chittagong,Bangladesh,CGP,VGEG,22.249611,91.813286,12,6,U,Asia/Dhaka
3070,Ishurdi,Ishurdi,Bangladesh,IRD,VGIS,24.1525,89.049446,45,6,U,Asia/Dhaka
3071,Jessore,Jessore,Bangladesh,JSR,VGJR,23.1838,89.160833,20,6,U,Asia/Dhaka
3072,Shah Mokhdum,Rajshahi,Bangladesh,RJH,VGRJ,24.437219,88.616511,64,6,U,Asia/Dhaka
3073,Saidpur,Saidpur,Bangladesh,SPD,VGSD,25.759228,88.908869,125,6,U,Asia/Dhaka
3074,Osmany Intl,Sylhet Osmani,Bangladesh,ZYL,VGSY,24.963242,91.866783,50,6,U,Asia/Dhaka
3076,Zia Intl,Dhaka,Bangladesh,DAC,VGZR,23.843333,90.397781,30,6,U,Asia/Dhaka
6176,Barisal Airport,Barisal,Bangladesh,BZL,VGBR,22.801,90.3012,23,6,U,Asia/Dhaka
2875,Grantley Adams Intl,Bridgetown,Barbados,BGI,TBPB,13.074603,-59.492456,169,-4,U,America/Barbados
2950,Gomel,Gomel,Belarus,GME,UMGG,52.527022,31.016692,471,3,E,Europe/Minsk
2951,Vitebsk,Vitebsk,Belarus,VTB,UMII,55.1265,30.349639,683,3,E,Europe/Minsk
2953,Minsk 1,Minsk,Belarus,MHP,UMMM,53.864472,27.539683,748,3,E,Europe/Minsk
2954,Minsk 2,Minsk 2,Belarus,MSQ,UMMS,53.882469,28.030731,670,3,E,Europe/Minsk
6115,Hrodno Airport,Hrodna,Belarus,GNA,UMMG,53.602,24.0538,443,3,E,Europe/Minsk
6116,Mogilev Airport,Mogilev,Belarus,MVQ,UMOO,53.9549,30.0951,637,3,E,Europe/Minsk
6908,Brest,Brest,Belarus,BQT,UMBB,52.06,23.53,468,1,E,Europe/Warsaw
299,Deurne,Antwerp,Belgium,ANR,EBAW,51.189444,4.460278,39,1,E,Europe/Brussels
302,Brussels Natl,Brussels,Belgium,BRU,EBBR,50.901389,4.484444,184,1,E,Europe/Brussels
304,Brussels South,Charleroi,Belgium,CRL,EBCI,50.459197,4.453817,614,1,E,Europe/Brussels
308,Wevelgem,Kortrijk-vevelgem,Belgium,QKT,EBKT,50.817222,3.204722,64,1,E,Europe/Brussels
309,Liege,Liege,Belgium,LGG,EBLG,50.637417,5.443222,659,1,E,Europe/Brussels
310,Oostende,Ostend,Belgium,OST,EBOS,51.198889,2.862222,13,1,E,Europe/Brussels
7284,Brussels Gare du Midi,Brussels,Belgium,ZYR,\N,50.8,4.4,180,1,E,Europe/Brussels
7810,Knokke-Heist Westkapelle Heliport,Knokke,Belgium,KNO,EBKW,51.3222,3.29306,0,1,U,Europe/Brussels
8491,Centraal,Antwerp,Belgium,ZWE,\N,51.217222,4.421111,51,1,E,Europe/Brussels
8768,Liege-Guillemins Railway Station,Liege,Belgium,XHN,\N,50.6333,5.56667,659,1,E,Europe/Brussels
1957,Philip S W Goldson Intl,Belize City,Belize,BZE,MZBZ,17.539144,-88.308203,15,-6,U,America/Belize
4279,San Pedro,San Pedro,Belize,SPR,MZ10,17.913936,-87.971075,4,-6,U,America/Belize
5455,Punta Gorda Airport,Punta Gorda,Belize,PND,,16.1024,-88.8083,7,-6,U,America/Belize
5454,Caye Caulker Airport,Caye Caulker,Belize,CUK,,17.7347,-88.0325,1,-6,U,America/Belize
6463,Belize City Municipal Airport,Belize,Belize,TZA,\N,17.5344,-88.298,15,-6,N,America/Belize
7029,Municipal,Corozal,Belize,CZH,\N,18.3822,-88.4119,40,-6,N,America/Belize
7285,Caye Chapel Airport,Caye Chapel,Belize,CYC,\N,17.683611,-88.045,10,-6,U,America/Belize
7286,Big Creek Airport,Big Creek,Belize,BGK,\N,16.516667,-88.416667,16,-6,U,America/Belize
7287,Dangriga Airport,Dangriga,Belize,DGA,\N,16.966667,-88.216667,10,-6,U,America/Belize
7288,Placencia Airport,Placencia,Belize,PLJ,\N,16.536944,-88.361667,42,-6,U,America/Belize
7289,Sartaneja Airport,Sarteneja,Belize,SJX,\N,18.355556,-88.130833,10,-6,U,America/Belize
8227,Hector Silva Airstrip,Belmopan,Belize,BCV,\N,17.269444,-88.776111,50,-6,U,America/Belize
245,Cadjehoun,Cotonou,Benin,COO,DBBB,6.357228,2.384353,19,1,N,Africa/Porto-Novo
4069,Bermuda Intl,Bermuda,Bermuda,BDA,TXKF,32.364042,-64.678703,12,-4,A,Atlantic/Bermuda
3155,Paro,Thimphu,Bhutan,PBH,VQPR,27.403192,89.424606,7332,6,N,Asia/Thimphu
2758,Bermejo,Bermejo,Bolivia,BJO,SLBJ,-22.773336,-64.312881,1250,-4,U,America/La_Paz
2759,Jorge Wilsterman,Cochabamba,Bolivia,CBB,SLCB,-17.421058,-66.177114,8360,-4,U,America/La_Paz
2761,Heroes Del Acre,Cobija,Bolivia,CIJ,SLCO,-11.040436,-68.782972,892,-4,U,America/La_Paz
2762,El Alto Intl,La Paz,Bolivia,LPB,SLLP,-16.513339,-68.192256,13325,-4,U,America/La_Paz
2764,Capitan Nicolas Rojas,Potosi,Bolivia,POI,SLPO,-19.543069,-65.723706,12913,-4,U,America/La_Paz
2765,Tte De Av Salvador Ogaya G,Puerto Suarez,Bolivia,PSZ,SLPS,-18.975281,-57.820586,439,-4,U,America/La_Paz
2767,Juana Azurduy De Padilla,Sucre,Bolivia,SRE,SLSU,-19.007083,-65.288747,9527,-4,U,America/La_Paz
2768,Capitan Oriel Lea Plaza,Tarija,Bolivia,TJA,SLTJ,-21.555736,-64.701325,6084,-4,U,America/La_Paz
2769,Tte Av Jorge Henrich Arauz,Trinidad,Bolivia,TDD,SLTR,-14.818739,-64.918019,509,-4,U,America/La_Paz
2771,Viru Viru Intl,Santa Cruz,Bolivia,VVI,SLVR,-17.644756,-63.135364,1225,-4,U,America/La_Paz
2772,Yacuiba,Yacuiba,Bolivia,BYC,SLYA,-21.960925,-63.651669,2116,-4,U,America/La_Paz
4247,Santa Cruz,Santa Cruz,Bolivia,SRZ,\N,-17.8,-63.166667,1224,-4,U,America/La_Paz
6059,Reyes Airport,Reyes,Bolivia,REY,SLRY,-14.3044,-67.3534,935,-4,U,America/La_Paz
6057,Puerto Rico Airport,Puerto Rico/Manuripi,Bolivia,PUR,SLPR,-11.1077,-67.5512,597,-4,U,America/La_Paz
6060,Capitán Av. German Quiroga G. Airport,San Borja,Bolivia,SRJ,SLSB,-14.8592,-66.7375,633,-4,U,America/La_Paz
6058,Capitán Av. Selin Zeitun Lopez Airport,Riberalta,Bolivia,RIB,SLRI,-11,-66,462,-4,U,America/La_Paz
6056,Capitán de Av. Emilio Beltrán Airport,Guayaramerín,Bolivia,GYA,SLGY,-10.8206,-65.3456,557,-4,U,America/La_Paz
7313,Uyuni Airport,Uyuni,Bolivia,UYU,SLUY,-20.466667,-66.833333,11990,-4,U,America/La_Paz
7317,Rurrenabaque Airport,Rerrenabaque,Bolivia,RBQ,SLRQ,-14.4275,-67.498056,898,-4,U,America/La_Paz
1645,Mostar,Mostar,Bosnia and Herzegovina,OMO,LQMO,43.2829,17.845878,156,1,E,Europe/Sarajevo
1646,Sarajevo,Sarajevo,Bosnia and Herzegovina,SJJ,LQSA,43.824583,18.331467,1708,1,E,Europe/Sarajevo
5794,Banja Luka International Airport,Banja Luka,Bosnia and Herzegovina,BNX,LQBK,44.941444,17.297501,400,1,E,Europe/Sarajevo
877,Francistown,Francistown,Botswana,FRW,FBFT,-21.159597,27.474525,3283,2,U,Africa/Gaborone
878,Jwaneng,Jwaneng,Botswana,JWA,FBJW,-24.602333,24.690971,3900,2,U,Africa/Gaborone
879,Kasane,Kasane,Botswana,BBK,FBKE,-17.832875,25.1624,3289,2,U,Africa/Gaborone
880,Maun,Maun,Botswana,MUB,FBMN,-19.972564,23.431086,3093,2,U,Africa/Gaborone
881,Sir Seretse Khama Intl,Gaberone,Botswana,GBE,FBSK,-24.555225,25.918208,3299,2,U,Africa/Gaborone
882,Selebi Phikwe,Selebi-phikwe,Botswana,PKW,FBSP,-22.05835,27.828767,2925,2,U,Africa/Gaborone
5610,Limpopo Valley Airport,Tuli Lodge,Botswana,TLD,FBTL,-22.1892,29.1269,1772,2,U,Africa/Gaborone
5609,Shakawe Airport,Shakawe,Botswana,SWX,FBSW,-18.3739,21.8326,3379,2,U,Africa/Gaborone
5608,Orapa Airport,Orapa,Botswana,ORP,FBOR,-21.2667,25.3167,3100,2,U,Africa/Gaborone
5607,Ghanzi Airport,Ghanzi,Botswana,GNZ,FBGZ,-21.6925,21.6581,3730,2,U,Africa/Gaborone
8053,Khwai River Lodge,Khwai River,Botswana,KHW,FBKR,-19.149166,23.7875,3000,2,N,Africa/Gaborone
2518,Conceicao Do Araguaia,Conceicao Do Araguaia,Brazil,CDJ,SBAA,-8.348347,-49.301528,653,-4,S,America/Boa_Vista
2521,Araraquara,Araracuara,Brazil,AQA,SBAQ,-21.812,-48.133028,2334,-3,S,America/Sao_Paulo
2522,Santa Maria,Aracaju,Brazil,AJU,SBAR,-10.984,-37.070333,23,-3,S,America/Fortaleza
2524,Alta Floresta,Alta Floresta,Brazil,AFL,SBAT,-9.866092,-56.106206,947,-4,S,America/Campo_Grande
2525,Aracatuba,Aracatuba,Brazil,ARU,SBAU,-21.141342,-50.424722,1361,-3,S,America/Sao_Paulo
2526,Val De Cans Intl,Belem,Brazil,BEL,SBBE,-1.37925,-48.476292,54,-4,S,America/Boa_Vista
2527,Comandante Gustavo Kraemer,Bage,Brazil,BGX,SBBG,-31.390528,-54.112244,600,-3,S,America/Sao_Paulo
2528,Pampulha Carlos Drummond De Andrade,Belo Horizonte,Brazil,PLU,SBBH,-19.851181,-43.950628,2589,-3,S,America/Sao_Paulo
2529,Bacacheri,Curitiba,Brazil,BFH,SBBI,-25.405078,-49.232036,3057,-3,S,America/Sao_Paulo
2531,Presidente Juscelino Kubitschek,Brasilia,Brazil,BSB,SBBR,-15.8711,-47.918625,3479,-3,S,America/Sao_Paulo
2532,Bauru,Bauru,Brazil,BAU,SBBU,-22.345042,-49.0538,2025,-3,S,America/Sao_Paulo
2533,Boa Vista,Boa Vista,Brazil,BVB,SBBV,2.846311,-60.690069,276,-4,S,America/Boa_Vista
2535,Cascavel,Cascavel,Brazil,CAC,SBCA,-25.000339,-53.500764,2473,-3,S,America/Sao_Paulo
2537,Tancredo Neves Intl,Belo Horizonte,Brazil,CNF,SBCF,-19.63375,-43.968856,2715,-3,S,America/Sao_Paulo
2538,Campo Grande,Campo Grande,Brazil,CGR,SBCG,-20.468667,-54.6725,1833,-4,S,America/Campo_Grande
2539,Chapeco,Chapeco,Brazil,XAP,SBCH,-27.134219,-52.656553,2146,-3,S,America/Sao_Paulo
2540,Carolina,Carolina,Brazil,CLN,SBCI,-7.320444,-47.458667,565,-3,S,America/Fortaleza
2541,Forquilhinha,Criciuma,Brazil,CCM,SBCM,-28.725817,-49.424739,93,-3,S,America/Sao_Paulo
2543,Bartolomeu Lisandro,Campos,Brazil,CAW,SBCP,-21.698333,-41.301669,57,-3,S,America/Sao_Paulo
2544,Corumba Intl,Corumba,Brazil,CMG,SBCR,-19.011931,-57.673053,461,-4,S,America/Campo_Grande
2545,Afonso Pena,Curitiba,Brazil,CWB,SBCT,-25.528475,-49.175775,2988,-3,S,America/Sao_Paulo
2546,Caravelas,Caravelas,Brazil,CRQ,SBCV,-17.652283,-39.253069,36,-3,S,America/Fortaleza
2547,Campo Dos Bugres,Caxias Do Sul,Brazil,CXJ,SBCX,-29.197064,-51.187536,2472,-3,S,America/Sao_Paulo
2548,Marechal Rondon,Cuiaba,Brazil,CGB,SBCY,-15.652931,-56.116719,617,-4,S,America/Campo_Grande
2549,Cruzeiro do Sul,Cruzeiro do Sul,Brazil,CZS,SBCZ,-7.599906,-72.769489,637,-5,S,America/Rio_Branco
2550,Presidente Prudente,President Prudente,Brazil,PPB,SBDN,-22.175056,-51.424639,1477,-3,S,America/Sao_Paulo
2551,Eduardo Gomes Intl,Manaus,Brazil,MAO,SBEG,-3.038611,-60.049721,264,-4,S,America/Boa_Vista
2554,Cataratas Intl,Foz Do Iguacu,Brazil,IGU,SBFI,-25.59615,-54.487206,787,-3,S,America/Sao_Paulo
2555,Hercilio Luz,Florianopolis,Brazil,FLN,SBFL,-27.670489,-48.547181,20,-3,S,America/Sao_Paulo
2556,Fernando De Noronha,Fernando Do Noronha,Brazil,FEN,SBFN,-3.854928,-32.423336,193,-3,S,America/Fortaleza
2559,Pinto Martins Intl,Fortaleza,Brazil,FOR,SBFZ,-3.776283,-38.532556,82,-3,S,America/Fortaleza
2560,Galeao Antonio Carlos Jobim,Rio De Janeiro,Brazil,GIG,SBGL,-22.808903,-43.243647,28,-3,S,America/Sao_Paulo
2562,Santa Genoveva,Goiania,Brazil,GYN,SBGO,-16.632033,-49.220686,2450,-3,S,America/Sao_Paulo
2564,Guarulhos Gov Andre Franco Montouro,Sao Paulo,Brazil,GRU,SBGR,-23.432075,-46.469511,2459,-3,S,America/Sao_Paulo
2566,Altamira,Altamira,Brazil,ATM,SBHT,-3.253906,-52.253978,368,-4,S,America/Boa_Vista
2569,Ilheus,Ilheus,Brazil,IOS,SBIL,-14.815964,-39.033197,15,-3,S,America/Fortaleza
2570,Usiminas,Ipatinga,Brazil,IPN,SBIP,-19.470722,-42.487583,784,-3,S,America/Sao_Paulo
2572,Prefeito Renato Moreira,Imperatriz,Brazil,IMP,SBIZ,-5.531292,-47.46005,431,-3,S,America/Fortaleza
2574,Francisco De Assis,Juiz De Fora,Brazil,JDF,SBJF,-21.7915,-43.386778,2989,-3,S,America/Sao_Paulo
2575,Presidente Castro Pinto,Joao Pessoa,Brazil,JPA,SBJP,-7.148381,-34.950681,215,-3,S,America/Fortaleza
2576,Lauro Carneiro De Loyola,Joinville,Brazil,JOI,SBJV,-26.224453,-48.797364,15,-3,S,America/Sao_Paulo
2577,Presidente Joao Suassuna,Campina Grande,Brazil,CPV,SBKG,-7.269917,-35.896364,1646,-3,S,America/Fortaleza
2578,Viracopos,Campinas,Brazil,VCP,SBKP,-23.0075,-47.134444,2170,-3,S,America/Sao_Paulo
2580,Lins,Lins,Brazil,LIP,SBLN,-21.664039,-49.730519,1575,-3,S,America/Sao_Paulo
2581,Londrina,Londrina,Brazil,LDB,SBLO,-23.333625,-51.130072,1867,-3,S,America/Sao_Paulo
2582,Bom Jesus Da Lapa,Bom Jesus Da Lapa,Brazil,LAZ,SBLP,-13.262086,-43.408114,1454,-3,S,America/Fortaleza
2584,Maraba,Maraba,Brazil,MAB,SBMA,-5.368589,-49.138025,357,-4,S,America/Boa_Vista
2586,Regional De Maringa Silvio Name Junior,Maringa,Brazil,MGF,SBMG,-23.476392,-52.016406,1788,-3,S,America/Sao_Paulo
2587,Mario Ribeiro,Montes Claros,Brazil,MOC,SBMK,-16.706925,-43.8189,2191,-3,S,America/Sao_Paulo
2590,Zumbi Dos Palmares,Maceio,Brazil,MCZ,SBMO,-9.510808,-35.791678,387,-3,S,America/Fortaleza
2591,Macapa,Macapa,Brazil,MCP,SBMQ,0.050664,-51.072178,56,-3,S,America/Fortaleza
2594,Manicore,Manicore,Brazil,MNX,SBMY,-5.811381,-61.278319,174,-4,S,America/Boa_Vista
2595,Ministro Victor Konder Intl,Navegantes,Brazil,NVT,SBNF,-26.879999,-48.65139,18,-3,S,America/Sao_Paulo
2596,Santo Angelo,Santo Angelo,Brazil,GEL,SBNM,-28.281683,-54.169139,1056,-3,S,America/Sao_Paulo
2597,Augusto Severo,Natal,Brazil,NAT,SBNT,-5.911417,-35.247717,169,-3,S,America/Fortaleza
2599,Salgado Filho,Porto Alegre,Brazil,POA,SBPA,-29.994428,-51.171428,11,-3,S,America/Sao_Paulo
2601,Pocos De Caldas,Pocos De Caldas,Brazil,POO,SBPC,-21.843014,-46.567917,4135,-3,S,America/Sao_Paulo
2602,Lauro Kurtz,Passo Fundo,Brazil,PFB,SBPF,-28.243989,-52.326558,2376,-3,S,America/Sao_Paulo
2603,Pelotas,Pelotas,Brazil,PET,SBPK,-31.718353,-52.327689,59,-3,S,America/Sao_Paulo
2604,Senador Nilo Coelho,Petrolina,Brazil,PNZ,SBPL,-9.362411,-40.569097,1263,-3,S,America/Fortaleza
2605,Porto Nacional,Porto Nacional,Brazil,PNB,SBPN,-10.719417,-48.399736,870,-3,S,America/Fortaleza
2606,Ponta Pora,Ponta Pora,Brazil,PMG,SBPP,-22.549639,-55.702614,2156,-4,S,America/Campo_Grande
2607,Governador Jorge Teixeira De Oliveira,Porto Velho,Brazil,PVH,SBPV,-8.709294,-63.902281,294,-4,S,America/Boa_Vista
2609,Plácido de Castro,Rio Branco,Brazil,RBR,SBRB,-9.583,-67.4836,633,-5,S,America/Rio_Branco
2610,Guararapes Gilberto Freyre Intl,Recife,Brazil,REC,SBRF,-8.126794,-34.923039,33,-3,S,America/Fortaleza
2611,Rio Grande,Rio Grande,Brazil,RIG,SBRG,-32.082617,-52.166542,27,-3,S,America/Sao_Paulo
2612,Santos Dumont,Rio De Janeiro,Brazil,SDU,SBRJ,-22.910461,-43.163133,11,-3,S,America/Sao_Paulo
2613,Leite Lopes,Ribeirao Preto,Brazil,RAO,SBRP,-21.134167,-47.774189,1802,-3,S,America/Sao_Paulo
2614,Santa Cruz,Rio De Janeiro,Brazil,STU,SBSC,-22.93235,-43.719092,10,-3,S,America/Sao_Paulo
2615,Professor Urbano Ernesto Stumpf,Sao Jose Dos Campos,Brazil,SJK,SBSJ,-23.228172,-45.862739,2120,-3,S,America/Sao_Paulo
2616,Marechal Cunha Machado Intl,Sao Luis,Brazil,SLZ,SBSL,-2.585361,-44.234139,178,-3,S,America/Fortaleza
2618,Congonhas,Sao Paulo,Brazil,CGH,SBSP,-23.626692,-46.655375,2631,-3,S,America/Sao_Paulo
2619,Sao Jose Do Rio Preto,Sao Jose Do Rio Preto,Brazil,SJP,SBSR,-20.816567,-49.406511,1784,-3,S,America/Sao_Paulo
2620,Base Aerea De Santos,Santos,Brazil,SSZ,SBST,-23.925206,-46.2875,10,-3,S,America/Sao_Paulo
2621,Deputado Luis Eduardo Magalhaes,Salvador,Brazil,SSA,SBSV,-12.910994,-38.331044,64,-3,S,America/Fortaleza
2622,Trombetas,Oriximina,Brazil,TMT,SBTB,-1.4896,-56.396803,287,-4,S,America/Boa_Vista
2623,Senador Petronio Portella,Teresina,Brazil,THE,SBTE,-5.059942,-42.823478,219,-3,S,America/Fortaleza
2624,Tefe,Tefe,Brazil,TFF,SBTF,-3.382944,-64.724056,184,-4,S,America/Boa_Vista
2628,Tabatinga,Tabatinga,Brazil,TBT,SBTT,-4.255669,-69.935828,279,-4,S,America/Boa_Vista
2629,Tucurui,Tucurui,Brazil,TUR,SBTU,-3.786008,-49.720267,830,-4,S,America/Boa_Vista
2631,Paulo Afonso,Paulo Alfonso,Brazil,PAV,SBUF,-9.400878,-38.250575,883,-3,S,America/Fortaleza
2632,Rubem Berta,Uruguaiana,Brazil,URG,SBUG,-29.782178,-57.038189,256,-3,S,America/Sao_Paulo
2633,Ten Cel Av Cesar Bombonato,Uberlandia,Brazil,UDI,SBUL,-18.882844,-48.225594,3094,-3,S,America/Sao_Paulo
2635,Uberaba,Uberaba,Brazil,UBA,SBUR,-19.765,-47.964778,2655,-3,S,America/Sao_Paulo
2636,Major Brigadeiro Trompowsky,Varginha,Brazil,VAG,SBVG,-21.590067,-45.473342,3028,-3,S,America/Sao_Paulo
2637,Vilhena,Vilhena,Brazil,BVH,SBVH,-12.694375,-60.098269,2018,-4,S,America/Boa_Vista
2638,Goiabeiras,Vitoria,Brazil,VIX,SBVT,-20.258056,-40.286389,11,-3,S,America/Sao_Paulo
2640,Campo Fontenelle,Piracununga,Brazil,QPS,SBYS,-21.984561,-47.334764,1968,-3,S,America/Sao_Paulo
4092,Santarem,Santarem,Brazil,STM,SBSN,-2.422431,-54.792789,198,-4,S,America/Boa_Vista
4209,Aeroporto de Porto Seguro,Porto Seguro,Brazil,BPS,SBPS,-16.438611,-39.080833,167,-3,S,America/Fortaleza
4214,Palmas,Palmas,Brazil,PMW,SBPJ,-10.241667,-48.35278,774,-3,S,America/Fortaleza
4215,Caldas Novas,Caldas Novas,Brazil,CLV,SBCN,-17.7267,-48.6114,2247,-3,S,America/Sao_Paulo
6073,Ji-Paraná Airport,Ji-Paraná,Brazil,JPR,SWJI,-10.8708,-61.8465,598,-4,S,America/Boa_Vista
6062,Mucuri Airport,Mucuri,Brazil,MVS,SNMU,-18.0489,-39.8642,276,-3,S,America/Fortaleza
6041,Toledo Airport,Toledo,Brazil,TOW,SBTD,-24.6863,-53.6975,1843,-3,S,America/Sao_Paulo
6040,Santa Maria Airport,Santa Maria,Brazil,RIA,SBSM,-29.711358,-53.688153,287,-3,S,America/Sao_Paulo
6036,Chapada Diamantina Airport,Lençóis,Brazil,LEC,SBLE,-12.4823,-41.277,1676,-3,S,America/Fortaleza
6034,Orlando Bezerra de Menezes Airport,Juazeiro Do Norte,Brazil,JDO,SBJU,-7.218958,-39.2701,1392,-3,S,America/Fortaleza
6069,Santa Rosa Airport,Santa Rosa,Brazil,SRA,SSZR,-27.9067,-54.5204,984,-3,S,America/Sao_Paulo
6044,Sorocaba Airport,Sorocaba,Brazil,SOD,SDCO,-23.478,-47.49,2077,-3,S,America/Sao_Paulo
6039,Vitória da Conquista Airport,Vitória Da Conquista,Brazil,VDC,SBQV,-14.862761,-40.863106,2998,-3,S,America/Fortaleza
6038,Marília Airport,Marília,Brazil,MII,SBML,-22.196892,-49.9264,2122,-3,S,America/Sao_Paulo
6037,Macaé Airport,Macaé,Brazil,MEA,SBME,-22.343,-41.766,8,-3,S,America/Sao_Paulo
6477,Erechim Airport,Erechim,Brazil,ERM,SSER,-27.6619,-52.2683,2498,-3,S,America/Sao_Paulo
6913,Aeroporto Prefeito Octavio de Almeida Neves,Sao Joao del Rei,Brazil,JDR,\N,-21.0864,-44.2258,3120,-3,S,America/Sao_Paulo
6735,Governador Valadares Airport,Governador Valadares,Brazil,GVR,SBGV,-18.8952,-41.9822,561,-3,S,America/Sao_Paulo
7125,Amarais Airport,Campinas,Brazil,CPQ,SDAM,-22.8592,-47.1082,2008,-3,S,America/Sao_Paulo
7364,Cabo Frio International Airport,Cabo Frio,Brazil,CFB,SBCB,-22.921667,-42.074167,14,-3,S,America/Sao_Paulo
7367,Sinop Airport,Sinop,Brazil,OPS,SWSI,-11.885,-55.586,10,-4,S,America/Campo_Grande
7368,Gurupi Airport,Gurupi,Brazil,GRP,SWGI,-11.728889,-49.068889,10,-3,S,America/Fortaleza
7369,Campo Alegre Airport,Santana do Araguaia,Brazil,CMP,SNKE,-9.505,-50.625,525,-4,S,America/Boa_Vista
7370,Breves Airport,Breves,Brazil,BVS,SNVS,-1.681944,-50.48,131,-4,S,America/Boa_Vista
7371,Soure Airport,Soure,Brazil,SFK,SNSW,-0.716944,-48.522778,33,-4,S,America/Boa_Vista
7372,Julio Belem Airport,Parintins,Brazil,PIN,SWPI,-2.627778,-56.735833,500,-4,S,America/Boa_Vista
7373,Barreiras Airport,Barreiras,Brazil,BRA,SNBR,-12.083333,-45,1356,-3,S,America/Fortaleza
7374,Confresa Airport,Santa Terezinha,Brazil,STZ,SWST,-10.47,-50.502778,650,-4,S,America/Campo_Grande
7375,Minacu Airport,Minacu,Brazil,MQH,SBMC,-13.526944,-48.220556,1053,-3,S,America/Sao_Paulo
7376,Araguaina Airport,Araguaina,Brazil,AUX,SWGN,-7.228333,-48.240833,771,-3,S,America/Fortaleza
7377,Novo Aripuana Airport,Novo Aripuana,Brazil,NVP,SWNA,-5.121389,-60.380556,500,-4,S,America/Boa_Vista
7378,Bom Futuro Airport,Lucas do Rio Verde,Brazil,LVR,SWFE,-13.05,-55.910833,500,-4,S,America/Campo_Grande
7379,Franca Airport,Franca,Brazil,FRC,SIMK,-20.538611,-47.400833,1040,-3,S,America/Sao_Paulo
7380,Dourados Airport,Dourados,Brazil,DOU,SSDO,-22.220833,-54.805833,1433,-4,S,America/Campo_Grande
7381,Labrea Airport,Labrea,Brazil,LBR,SWLB,-7.258889,-64.797778,225,-4,S,America/Boa_Vista
7382,Rondonopolis Airport,Rondonopolis,Brazil,ROO,SWRD,-16.466667,-54.633333,500,-4,S,America/Campo_Grande
7383,Tancredo Thomaz de Faria Airport,Guarapuava,Brazil,GPB,SBGU,-25.383333,-51.45,200,-3,S,America/Sao_Paulo
7384,Joacaba Airport,Joacaba,Brazil,JCB,SSJA,-27.172778,-51.500833,1713,-3,S,America/Sao_Paulo
7394,General leite de Castro Airport,Rio Verde,Brazil,RVD,SWLC,-17.790278,-50.918333,2244,-3,S,America/Sao_Paulo
7395,Araxa Airport,Araxa,Brazil,AAX,SBAX,-19.563056,-46.960278,3276,-3,S,America/Sao_Paulo
7396,Maues Airport,Maues,Brazil,MBZ,SWMW,-3.383611,-57.718611,500,-4,S,America/Boa_Vista
7397,Borba Airport,Borba,Brazil,RBB,SWBR,-4.387778,-59.593889,500,-4,S,America/Boa_Vista
7398,Coari Airport,Coari,Brazil,CIZ,SWKO,-4.085,-63.140833,33,-4,S,America/Boa_Vista
7399,Barcelos Airport,Barcelos,Brazil,BAZ,SWBC,-0.975,-62.923889,500,-4,S,America/Boa_Vista